Workbook

Sheet Ordering Sheet
A1: Distributor | B1: Part Number | C1: Part Description | D1: Quantity Per Board | E1: Quantity To Order | F1: Cost Per | G1: Total
A2: Digikey | B2: CL05B104KA5NNNC | C2: CAP CER 0.1UF 25V X7R 0402 | D2: 13 | E2: =D2 *Constants!$C$1 -> 65 | F2: 0.003 | G2: =E2 *F2 -> 0.195
A3: Digikey | B3: CL05A105KO5NNNC | C3: CAP CER 1UF 16V X5R 0402 | D3: 4 | E3: =D3 *Constants!$C$1 -> 20 | F3: 0.006 | G3: =E3 *F3 -> 0.12
A4: Digikey | B4: GJM1555C1H150GB01D | C4: CAP CER 15PF 50V C0G/NP0 0402 | D4: 2 | E4: =D4 *Constants!$C$1 -> 10 | F4: 0.069 | G4: =E4 *F4 -> 0.69
A5: Digikey | B5: GRM1555C1H180FA01D | C5: CAP CER 18PF 50V C0G/NP0 0402 | D5: 2 | E5: =D5 *Constants!$C$1 -> 10 | F5: 0.048 | G5: =E5 *F5 -> 0.48
A6: Digikey | B6: CL05A106MP5NUNC | C6: CAP CER 10UF 10V X5R 0402 | D6: 2 | E6: =D6 *Constants!$C$1 -> 10 | F6: 0.038 | G6: =E6 *F6 -> 0.38
A7: Digikey | B7: C3216X5R1C476M160AB | C7: CAP CER 47UF 16V X5R 1206 | D7: 2 | E7: =D7 *Constants!$C$1 -> 10 | F7: 0.51 | G7: =E7 *F7 -> 5.1
A8: Digikey | B8: ERA-2AEB103X | C8: RES SMD 10K OHM 0.1% 1/16W 0402 | D8: 3 | E8: =D8 *Constants!$C$1 -> 15 | F8: 0.082 | G8: =E8 *F8 -> 1.23
A9: Digikey | B9: ERA-2AEB512X | C9: RES SMD 5.1K OHM 0.1% 1/16W 0402 | D9: 2 | E9: =D9 *Constants!$C$1 -> 10 | F9: 0.082 | G9: =E9 *F9 -> 0.82
A10: Digikey | B10: RP73PF1E27R4BTD | C10: RES 27.4 OHM 0.1% 1/10W 0402 | D10: 2 | E10: =D10 *Constants!$C$1 -> 10 | F10: 0.18 | G10: =E10 *F10 -> 1.8
A11: Digikey | B11: ERA-2AEB102X | C11: RES SMD 1K OHM 0.1% 1/16W 0402 | D11: 3 | E11: =D11 *Constants!$C$1 -> 15 | F11: 0.082 | G11: =E11 *F11 -> 1.23
A12: Digikey | B12: ERA-2AEB121X | C12: RES SMD 120 OHM 0.1% 1/16W 0402 | D12: 1 | E12: =D12 *Constants!$C$1 -> 5 | F12: 0.1 | G12: =E12 *F12 -> 0.5
A13: Digikey | B13: SC0914(13) | C13: IC MCU 32BIT EXT MEM 56QFN (RP2040) | D13: 2 | E13: =D13 *Constants!$C$1 -> 10 | F13: 0.7 | G13: =E13 *F13 -> 7
... A26: Digikey | B26: LTST-S270KRKT | C26: LED RED CLEAR CHIP SMD R/A | D26: 1 | E26: =D26 *Constants!$C$1 -> 5 | F26: 0.12 | G26: =E26 *F26 -> 0.6
A27: Total Price | G27: =SUM(G2:G26) -> 82.085

Sheet BOM Comparison
B1: Sourced | C1: Placed | D1: References | E1: Value | F1: Footprint | G1: Quantity
A2: 1 | D2: C4, C5, C6, C7, C8, C10, C11, C12, C13, C16, C17, C19, C24 | E2: 100nF | F2: C_0402_1005Metric_Pad0.74x0.62mm_HandSolder | G2: 13
A3: 2 | D3: C3, C9, C20, C21 | E3: 1uF | F3: C_0402_1005Metric_Pad0.74x0.62mm_HandSolder | G3: 4
A4: 3 | D4: C1, C2 | E4: 15pF | F4: C_0402_1005Metric_Pad0.74x0.62mm_HandSolder | G4: 2
A5: 4 | D5: C14, C15 | E5: 18pF | F5: C_0402_1005Metric_Pad0.74x0.62mm_HandSolder | G5: 2
A6: 5 | D6: C18, C22 | E6: 10uF | F6: C_0402_1005Metric_Pad0.74x0.62mm_HandSolder | G6: 2
A7: 6 | D7: C23, C25 | E7: 47uF | F7: C_1206_3216Metric_Pad1.33x1.80mm_HandSolder | G7: 2
A8: 7 | D8: R3, R7, R11 | E8: 10k | F8: R_0402_1005Metric_Pad0.72x0.64mm_HandSolder | G8: 3
A9: 8 | D9: R1, R6 | E9: 5.1k | F9: R_0402_1005Metric_Pad0.72x0.64mm_HandSolder | G9: 2
A10: 9 | D10: R2, R4 | E10: 27.4 | F10: R_0402_1005Metric_Pad0.72x0.64mm_HandSolder | G10: 2
A11: 10 | D11: R5 | E11: 1k | F11: R_0402_1005Metric_Pad0.72x0.64mm_HandSolder | G11: 1
A12: 11 | D12: R10 | E12: 120 | F12: R_0402_1005Metric_Pad0.72x0.64mm_HandSolder | G12: 1
A13: 12 | D13: U1 | E13: RP2040 | F13: QFN-56-1EP_7x7mm_P0.4mm_EP3.2x3.2mm | G13: 1
A14: 13 | D14: U2 | E14: W25Q128JVSIM | F14: SOIC_128JVSIM_WIN | G14: 1
A15: 14 | D15: U3 | E15: MCP2518FDT-E_QBB | F15: SON65P450X300X90-15N | G15: 1
A16: 15 | D16: U4 | E16: TCAN332DCNR | F16: SOT65P280X145-8N | G16: 1
A17: 16 | D17: U5 | E17: TLV75533PDBVR | F17: SOT-23-5 | G17: 1
A18: 17 | D18: Y1 | E18: ABM8-272-T3 | F18: XTAL_ABM8-272-T3 | G18: 1
A19: 18 | D19: Y2 | E19: ABM8-20.000MHZ-10-B1U-T | F19: XTAL_ABM8-272-T3 | G19: 1
A20: 19 | D20: SW1, SW2 | E20: SW_Push | F20: SW_TL1015AF160QG | G20: 2
A21: 20 | D21: CR1 | E21: USBLC6-2SC6 | F21: SOT-23-6 | G21: 1
A22: 21 | D22: TP1 | E22: 1.2V | F22: TestPoint_Pad_D1.0mm | G22: 1
A23: 22 | D23: TP2 | E23: GND | F23: TestPoint_Pad_D1.0mm | G23: 1
A24: 23 | D24: TP3 | E24: 3.3V | F24: TestPoint_Pad_D1.0mm | G24: 1
... A28: 27 | D28: J8 | E28: Conn_01x17_Pin | F28: PinSocket_1x17_P2.54mm_Vertical | G28: 1

Sheet Constants
A1: # of boards populated: | C1: 5
